EventFolderName,FileNameWithFullPath
Patel's Greenpark - Yapral,Patel's Greenpark - Yapral/Image1.jpg
Patel's Greenpark - Yapral,Patel's Greenpark - Yapral/Image2.jpg
Patel's Greenpark - Yapral,Patel's Greenpark - Yapral/Image3.jpg
Patel's Greenpark - Yapral,Patel's Greenpark - Yapral/Image4.jpg
Patel's Greenpark - Yapral,Patel's Greenpark - Yapral/Image5.jpg
Patel's Greenpark - Yapral,Patel's Greenpark - Yapral/Image6.jpg
Patel's Greenpark - Yapral,Patel's Greenpark - Yapral/Image7.jpg
Patel's Greenpark - Yapral,Patel's Greenpark - Yapral/Image8.jpg
Patel's Greenpark - Yapral,Patel's Greenpark - Yapral/Image9.jpg
Patel's Greenpark - Yapral,Patel's Greenpark - Yapral/Image10.jpg
Patel's Greenpark - Yapral,Patel's Greenpark - Yapral/Image11.jpg
Patel's Greenpark - Yapral,Patel's Greenpark - Yapral/Image12.jpg
Marigold Hotel - Begumpet,Marigold Hotel - Begumpet/Image1.jpg
Marigold Hotel - Begumpet,Marigold Hotel - Begumpet/Image2.jpg
Marigold Hotel - Begumpet,Marigold Hotel - Begumpet/Image3.jpg
Marigold Hotel - Begumpet,Marigold Hotel - Begumpet/Image4.jpg
Marigold Hotel - Begumpet,Marigold Hotel - Begumpet/Image5.jpg
Marigold Hotel - Begumpet,Marigold Hotel - Begumpet/Image6.jpg
Marigold Hotel - Begumpet,Marigold Hotel - Begumpet/Image7.jpg
Aparna Kanopy - Yellow Bells - Kompally,Aparna Kanopy - Yellow Bells - Kompally/Image1.jpg
Aparna Kanopy - Yellow Bells - Kompally,Aparna Kanopy - Yellow Bells - Kompally/Image2.jpg
Aparna Kanopy - Yellow Bells - Kompally,Aparna Kanopy - Yellow Bells - Kompally/Image3.jpg
Aparna Kanopy - Yellow Bells - Kompally,Aparna Kanopy - Yellow Bells - Kompally/Image4.jpg
Aparna Kanopy - Yellow Bells - Kompally,Aparna Kanopy - Yellow Bells - Kompally/Image5.jpg
Aparna Kanopy - Yellow Bells - Kompally,Aparna Kanopy - Yellow Bells - Kompally/Image6.jpg
Aparna Kanopy - Yellow Bells - Kompally,Aparna Kanopy - Yellow Bells - Kompally/Image7.jpg
Aparna Kanopy - Tulip - Kompally,Aparna Kanopy - Tulip - Kompally/Image1.jpg
Aparna Kanopy - Tulip - Kompally,Aparna Kanopy - Tulip - Kompally/Image2.jpg
Aparna Kanopy - Tulip - Kompally,Aparna Kanopy - Tulip - Kompally/Image3.jpg
Aparna Kanopy - Tulip - Kompally,Aparna Kanopy - Tulip - Kompally/Image4.jpg
Aparna Kanopy - Tulip - Kompally,Aparna Kanopy - Tulip - Kompally/Image5.jpg
Tavaro Resort - Kokapet,Tavaro Resort - Kokapet/Image1.jpg
Tavaro Resort - Kokapet,Tavaro Resort - Kokapet/Image2.jpg
Tavaro Resort - Kokapet,Tavaro Resort - Kokapet/Image3.jpg
Tavaro Resort - Kokapet,Tavaro Resort - Kokapet/Image4.jpg
Tavaro Resort - Kokapet,Tavaro Resort - Kokapet/Image5.jpg
Tavaro Resort - Kokapet,Tavaro Resort - Kokapet/Image6.jpg
Tavaro Resort - Kokapet,Tavaro Resort - Kokapet/Image7.jpg
Tavaro Resort - Kokapet,Tavaro Resort - Kokapet/Image8.jpg
